우리가 만들어 놓은 문장에 대해 평가해보고, 어떤걸 좋다고 생각하는지 파악해서 이를 프레임워크에 반영하는 작업을 해보자				
				
		쓸지 말지 판단		
		문장 다듬기(-요?)		
	No	문장	출처	사용할 문장만 다듬어서 적어 놓자
	1	휴대폰 없는 하루를 생각해본적 있나요?	휴대폰 없는 하루를 생각해본 적 있나요?	
	2	나에게 연락이란?	나에게 '연락'은 어떤 의미인가요?	
	3	연결은 나에게 어떤 의미인가?		
	4	내가 가장 기다렸던 연락은?	살면서 가장 기다렸던 연락이 있나요?	
	5	나에게 초능력이 생긴다면?	초능력이 생긴다면, 어떤 능력을 가지고 싶나요?	
	6	당신은 꼰대인가요?	나는 꼰대일까요?	
	7	좋아하는일과 잘하는 일중 어떤걸 선택할까요?	좋아하는 일과 잘하는 일, 어떤 일을 선택해야 할까요?	
	8	우리에게 남은 시간이 단 일년 이라면?	유퀴즈	
	9	복권에 당첨되면 제일 먼저 하고 싶은 일은?	복권에 당첨된다면 가장 먼저 하고싶은 일은 무엇인가요?	
	10	다시 태어난다면 무엇으로 태어나고 싶나요?	유퀴즈	
	11	성격이 이상형, 외모가 이상형?	성격이 이상형인 사람과 외모가 이상형인 사람, 어느 쪽을 선택할 건가요?	
	12	내 체중을 마음대로 할 수 있다면?		
	13	내가 가장 멋져보일때는?	내가 가장 멋져보였던 때는 언제인가요?	
	14	내 외모가 가장 마음에 들었던 때는?		
	15	좋아하는 사람한테 고백하기 vs 나를 좋아하는 사람에게 고백받기	나는 좋아하는 사람에게 먼저 고백하는 사람인가요, 좋아하는 사람이 나에게 고백하기를 기다리는 사람인가요?	
	16	아무에게도 고백하지 못한 비밀이 있나요?	아무에게도 고백하지 못한 비밀이 있나요?	
	17	지금이라도 얘기하고 싶은 말이 있나요?	그때 하지 못했지만 지금이라도 털어놓고 싶은 이야기가 있나요?	
	18	제때 털어놓지 못해 후회하지 못한 적이 있나요?		
	19	좋아하는 사람에게 다섯글자로 고백한다면?	지금 좋아하는 사람에게 다섯 글자로 고백한다면?	
	20	내 인생의 가장 결정적인 순간은 언제인가요?	내 인생의 가장 결정적인 순간은 언제인가요?	
	21	인생의 3번의 기회가 있다는데, 그 세번 중 몇번 지나갔을까요?	인생에는 3번의 기회가 찾아온다고 하죠. 지금 내 인생에는 몇 번의 기회가 남아있을까요?	
	22	나에게 타이밍이란?		
	23	고양이 vs 강아지	나는 고양이파? 강아지파?	
	24	반려동물이 지금 나에게 하고 싶은 말은?	요즘 반려동물은 나에게 어떤 이야기를 하고 싶을까요?	
	25	반려동물과 소통할 수 있다면 가장 물어보고 싶은것은?	반려동물에게 가장 물어보고 싶은 것은 무엇인가요?	
	26	눈물날 만큼 행복한적 있나요?	눈물 날만큼 행복했던 순간이 있나요?	
	27	내인생에서 가장 가치 있었던 눈물		
	28	어른이 된 뒤로 소리내어 울어본적 있나요?	어른이 된 후에 소리내어 울어본 적이 있나요?	
	29	나를 울린 작품이 있나요?		
	30	슬플때 내가 하는 행동이 있나요?	나의 슬픔을 달래기 위해 하는 행동이 있나요?	
	31	정성스런 선물 vs 비싼 선물		
	32	공들여 쌓은 탑이 무너진적있나요?	공들여 쌓은 탑이 무너지는 경험을 한 적 있나요?	
	33	나에게 집이란?	나에게 집이란 어떤 의미인가요?	
	34	강남 아파트 vs 정원딸린 강원도 호화로운 저택		
	35	내가 가장 편안함을 느끼는 공간은 어디인가요?	내가 가장 편안함을 느끼는 곳은 어디인가요?	
	36	집떠나서 개고생한적 있나요?	타지에서 고생해본 경험이 있나요?	
	37	집에 불났을때 딱하나 챙겨올 수 있다면?	우리집에서 딱 한 가지만 남기고 모두 버린다면 어떤 것을 남길건가요?	
	38	내 마음의 고향이 있나요?		
	39	내가 도착하기만 하면 편안함을 느끼는 공간은????		
	40	누구나 지켜야하는 내 집의 규칙이 있나요?	어떤 손님이 오더라도 지켜주었으면 하는 내 집의 규칙이 있나요?	
	41	배려가 때로 불편하게 느껴진 적이 있나요?	타인의 배려가 오히려 불편하게 느껴졌던 적이 있나요?	
	42	내가 견딜 수 없는 타인의 행동이 있나요?	내가 견딜 수 없는 타인의 행동이 있나요?	
	43	현대 사회 문제중 가장 못마땅한게 있나요?	사회 문제 중 내가 가장 먼저 해결되길 바라는 것이 있나요?	
	44	나에게 엄마란	나에게 엄마는 어떤 의미인가요?	
	45	엄마가 나의 자식이 된다면 나는 어떻게 키울것인가?	엄마가 나의 자식이 된다면 어떤 말을 해주고 싶은가요?	
	46	나의 인생을 연극으로 생각한다면 장르는?	내 인생이 영화라면, 엔딩크레딧에 이름을 올릴 사람은 누구인가요?	
	47	내가 엄마를 봤을때 가장 못마땅한 것은?	내가 엄마에 대해 가장 못마땅하게 생각하는 것은 무엇인가요?	
	48	엄마가 나를 봤을때 가장 못마땅하게 생각하는 것은?	엄마가 나에게 가장 많이 하는 잔소리는 무엇인가요?	
	49	엄마가 가장 행복했을꺼 같은 때는?	엄마가 가장 행복했던 순간은 언제일까요?	
	50	내가 부모님에게서 가장 닮고 싶은점은?	부모님에게서 가장 닮고 싶은 점이 있나요?	
	51	엄마는 어른인가요?	엄마는 어른일까요?	
	52	내 나이의 엄마에게 해주고 싶은 말은?	내 나이의 엄마를 만난다면 해주고 싶은 말이 있나요?	
	53	나에게 편안함을 주는 자리가 있나요?		
	54	최근에 가장 크게 느껴지는 빈자리가 있나요?		
	55	문득 느껴지는 빈자리가 있나요?	문득 느껴지는 빈자리가 있나요?	
	56	자리가 사람을 만든다고 생각하나요?	자리가 사람을 만든다는 말에 동의하나요?	
	57	나에게 실패란	나에게 실패란 어떤 의미인가요?	
	58	실패를 딛고 있어난적이 있나요?		
	59	내 인생의 최대 실패 경험을 알려주세요.	내가 겪은 가장 커다란 실패에 대해 이야기해주세요	
	60	실패가 오히려 도움이 된 적이 있나요?	실패가 오히려 도움이 된 경험이 있나요?	
	61	평생 딱한가지의 음식을 먹어야한다면?	남은 평생동안 단 한 가지의 음식만 먹어야 한다면 어떤 음식을 선택할 건가요?	
	62	내가 가진 것 중 딱 한가지만 바꿀 수 있다면?	나에 대해 딱 한 가지만 바꿀 수 있다면 어떤 것을 바꾸고 싶나요?	
	63	과거의 일 중 딱 한가지 사실을 알 수 있다면?	이해되지 않았던 과거의 일 중 가장 설명이 듣고 싶은 한 가지가 있다면 무엇인가요?	
	64	미래의 일 중 딱 한가지 사실을 알 수 있다면?	미래에 일어날 일 중 딱 한 가지를 알 수 있다면 어떤 것이 궁금한가요?	
	65	내가 세상에서 가장 무서워하는 딱한가지는?	내가 세상에서 가장 무서워하는 한 가지는 무엇인가요?	
	66	과거의 나에게 딱 한마디만 해줄 수 있다면?	과거의 나에게 한 마디 해줄 수 있다면, 언제의 나에게 어떤 말을 해주고 싶은가요?	
	67	공짜가 무섭다고 느낀적이 있나요?	수업료를 가장 비싸게 치른 내 인생의 교훈이 있다면 알려주세요.	
	68	지금 카페에서 대화를 나누고 싶은 누군가가 있다면?	한가한 주말, 카페에서 편안하게 대화를 나누고 싶은 상대는 누구인가요?	
	69	당신이 생각하는 진짜 부자는?	진짜 부자는 어떤 사람일까요?	
	70	당신이 진짜 부자가 되었을때 무엇을 하고 싶나요?	엄청난 부자가 된다면 무엇을 해보고 싶나요?	
	71	내가 가장 힘들때 찾아가는 사람은?	힘든 순간에 떠오르는 사람은 누구인가요?	
	72	나를 위한 힐링푸드가 있다면?	나만의 힐링푸드는 무엇인가요?	
	73	세상은 점점 나아지고 있나요?	세상이 점점 나아지고 있다고 생각하나요?	
	74	내가 가장 싫어하는 사람에게 한가지 선물을 줄 수 있다면?		
	75	나는 도움을 주는 편 vs 도움을 받는 편?		
	76	내가 가장 좋아하는 사람에게 한가지 선물을 줄 수 있다면?	가장 좋아하는 사람에게 주고싶은 선물은 무엇인가요?	
	77	얼마이상부터 뇌물이라 볼 수 있을까요?		
	78	내가 받아본 선물중 가장 설렜던 선물은?	지금까지도 기억에 남는 선물이 있나요?	
	79	200만원짜리 전자기기 vs 200만원짜리 보석	1000만원이 주어진다면 어떻게 쓰고 싶은가요?	
	80	내 인생의 선물	내 인생 최고의 선물은 무엇인가요?	
	81	이 세상에 없는데 내 머릿속에만 존재하는 것이 있나요?		
	82	세상에 아직 없는, 나만의 기가 막힌 아이디어가 있나요?	세상에 있었으면 좋겠는, 나만의 참신한 아이디어가 있나요?	
	83	없는 게 낫겠다 싶은 것이 있나요?	스스로도 왜 샀는 지 이해되지 않는 실패한 아이템이 있나요?	
	84	내가 가진 것 중 없애고 싶은 것이 있나요?		
	85	눈이 없다면 어떻게 될까요?	내가 가진 감각 중에 가장 소중한 것은 어떤 것인가요?	
	86	1시간 후 볼 수 없다면 마지막으로 보고 싶은 것은?	1시간 뒤에 아무것도 볼 수 없는 세상이 된다면, 마지막으로 눈에 담고 싶은 것은 무엇인가요?	
	87	미니멀리스트 vs 맥시멀리스트	미니멀리스트와 맥시멀리스트, 나는 어느 쪽인가요?	
	88	운 없이 성공할 수 있을까?	운 없이도 성공할 수 있을까요?	
	89	내가 운이 안좋다고 생각하나요?	나는 운이 좋은 편인가요?	
	90	나에게 특별히 있는 운이 있다면?	사소하지만 나에게만 특별히 있는 것 같은 운이 있나요?	
	91	지금 나에게 필요한 운	지금 나에게는 어떤 운이 필요한가요?	
	92	지금 당장 행운을 빌어주고 싶은 사람이 있나요		
	93	행운의 여신을 만나면 뭐라고 말하고 싶나요		
	94	내가 주로 하는 척은?	유퀴즈st	
	95	내가 회사에서/일할 때 가장 많이 하는 척은?	내가 일할 때 가장 많이 하는 척이 있나요?	
	96	내가 절대 못참는 척이 있다면?		
	97	내 인생의 프롤로그를 써본다면?	내 자서전의 프롤로그는 어떤 문장으로 시작할까요?	
	98	내 인생의 에필로그를 미리 써본다면?	내 자서전의 에필로그는 어떤 문장으로 끝날까요?	
	99	내가 가장 후회하는 일이 만약 잘 풀렸다면?	과거에서 단 한 가지 사건을 바꿀 수 있다면 어떤 걸 바꾸고 싶은가요?	
	100	시작이 중요하다 vs 끝이 중요하다	시작과 끝, 어떤 것이 더 중요할까요?	
	101	용의 꼬리 vs 뱀의 머리	용의 꼬리와 뱀의 머리, 어떤 게 나을까요?	
	102	지금 내 인생은 몇% 완성됐나요?	내 인생의 목표는 몇 퍼센트 달성되었나요?	
	103	시작하게 되서 좋은 것	시작하길 잘했다고 생각한 일이 있나요?	
	104	다시 시작하고 싶은 일	잠시 멈췄지만, 다시 시작해보고 싶은 일이 있나요?	
	105	가장 기억에 남는 마무리?끝?엔딩?	가장 기억에 남는 엔딩이 있나요?	
	106	가장 인상적인 작품 도입부	내 가슴을 두근거리게 만든 도입부가 있나요?	
	107	이 세상이 끝나면 무엇이 있을까?		
	108	처음 받은 용돈	처음 받은 용돈으로 어떤 것을 샀는 지 기억하나요?	
	109	내가 용돈으로 산 것 중 기억에 남는 것은	처음 스스로 번 돈, 어떻게 썼나요?	
	110	누가 나에게 한 달에 한 번 용돈을 준다면 얼마를 받고 싶나요?		
	111	용돈을 드려본 적 있나요?		
	112	언제부터 부모님께 용돈을 드려야 할까요?	언제부터 부모님께 용돈을 드려야 할까요?	
	113	내가 국가대표라면 어떤 종목의 국가대표가 되고 싶나요?	나는 국가대표 ㅇㅇㅇ	
	114	내가 운동을 시작하지 못하는 이유	내가 운동을 시작하지 못하게 만드는 이유를 모두 알려주세요.	
	115	내 인생의 스포츠 스타	내 인생의 스포츠 스타는 누구인가요?	
	116	스포츠 관람 경험	처음으로 스포츠 경기를 제대로 관람해본 경험이 있다면 알려주세요	
	117	마음에도 운동이 필요할까요?	마음을 단련하기 위해 할 수 있는 일은 무엇이 있을까요?	
	118	자신감과 잘난척의 차이는?	자신감과 자만심의 차이는 무엇일까요?	
	119	과거의 나에게 칭찬해주고 싶은 일이 있나요?	내가 가장 듣고 싶은 칭찬은 무엇인가요?	
	120	나를 다섯 글자로 칭찬해주세요	요즘의 나를 다섯 글자로 칭찬해주세요	
	121	좋은 칭찬이란?	좋은 칭찬은 어떻게 할 수 있을까요?	
	122	신이 이 세상을 보면 뭐라고 칭찬할 수 있을까요?		
	123	세상엔 좋은 사람이 많을까요 나쁜 사람이 많을까요?	세상에는 좋은 사람이 많을까요, 나쁜 사람이 많을까요?	
	124	나는 좋은 사람인가요?	나는 좋은 사람인가요?	
	125	나를 사랑하기 위해 할 수 있는 일은 무엇이 있을까요?	나를 더 사랑해주기 위해 지금 할 수 있는 일은 무엇이 있을까요?	
	126	내 인생에 점수를 매긴다면		
	127	나를 사랑해주는 사람의 특징은 무엇인가요?	나와 친한 사람들의 공통점이 있나요?	
	128	남들이 모르는 나만의 매력 포인트가 있다면?	남들이 몰라주는 나의 매력이 있나요?	
	129	나의 자랑거리	나의 자랑거리가 있다면 알려주세요.	
	130	내가 해본 가장 심한 욕	내가 가장 심하게 욕해본 사람이 있나요?	
	131	참지 못하고 욕을 하게 되는 상황은?	내가 가장 화가 나는 건 어떤 상황인가요?	
	132	이 세상에서 욕이 없어진다면		
	133	누군가에게 충고를 해줄 수 있다면 하고 싶은 말	누군가에게 꼭 해주고 싶은 충고의 말은 무엇인가요?	
	134	내가 가장 듣기 싫은 말	내가 가장 듣기 싫은 말은 무엇인가요?	
	135	들어본 중 가장 황당했던 말은?		
	136	내 인생의 좌우명	내 인생의 좌우명은 무엇인가요?	
	137	내가 나에게 해주고 싶은 조언이 있다면?	내가 요즘의 나에게 가장 해주고 싶은 말은 무엇인가요?	
	138	내 마음을 가장 크게 차지하고 있는 불만 사항은?		
	139	말하지 못한 불만이 있나요?	말하지 못한 마음 속 불만이 있나요?	
	140	사소하지만 꼭 고쳤으면 좋겠는 것은?	어쩌면 사소한 일이지만 나에게는 큰 불편으로 다가오는 일이 있나요?	
	141	불만이 있어도 절대 얘기하지 않는 사람 vs 불만이 있으면 무조건 말하는 사람	불만을 절대 표현하지 않는 사람과 무조건 모두 표현하는 사람 중 어떤 사람이 동료로 더 나을까요?	
	142	노동은 왜 해야할까?	내가 일을 하는 이유는 무엇인가요?	
	143	우리는 노동자일까?		
	144	좋아하는 노동요가 있다면?	하기 싫던 일도 해낼 수 있는 힘을 주는 나만의 노동요가 있다면 알려주세요	
	145	노동이 필요없는 세상이 온다면?	노동이 필요 없는 세상이 온다면 어떻게 살아가야 할까요?	
	146	일하지 않아도 된다면 하고 싶은 일?	경제적 자유를 이룬 다음에 하고 싶은 일이 있나요?	
	147	나에게 일의 의미	나에게 일은 어떤 의미인가요?	
	148	지금까지 한 일 중 가장 뿌듯한 일은?	살면서 한 일 중 가장 뿌듯했던 일은 무엇인가요?	
	149	내가 하고 있는 일의 최고인 사람에게 물어보고 싶은 말	내가 일하는 분야에서 최고의 위치에 있는 사람에게 하고 싶은 질문이 있나요?	
	150	보람찬 일 vs 돈 잘 버는 일	수입이 높은 일과 보람이 큰 일 중 하나를 선택해야 한다면 어떤 일을 선택하고 싶은가요?	
	151	좋아하는 일 vs 잘하는 일	좋아하는 일과 잘하는 일중 무엇을 해야 할까요?	
	152	나만의 작업 환경 세팅법	책상을 정리하는 나만의 노하우가 있나요?	
	153	나만의 재택근무 꿀템		
	154	내가 지금의 일을 선택한 이유	지금 하고 있는 일을 선택한 이유가 무엇인가요?	
	155	부자가 된 후에도 일을 할 건가요?	충분한 부를 가지고 있어도, 지금의 일을 계속 할 건가요?	
	156	어린 시절의 꿈	지금 떠오르는 어린 시절의 꿈이 있나요?	
	157	학교에서 하는 공부는 일일까?	학교에서 하는 공부는 나에게 어떤 의미가 있나요?	
	158	가사노동의 가치는?	내가 가장 즐겁게 할 수 있는 집안일은 무엇인가요?	
	159	나의 직업적 롤 모델		
	160	지금 하는 일에서 즐거움을 얻을 수 있나요?		
	161	하는 게 잘 안될때, 기분전환을 위해 하는 것은?	하는 게 잘 풀리지 않을때, 기분전환을 위해 하는 것이 있나요?	
	162	고향이라는 단어를 들으면 무엇이 떠오르나요	고향이라는 단어를 들으면 무엇이 떠오르나요?	
	163	할머니를 떠올릴 때 생각 나는 것은?	할머니에 대해 이야기 해주세요.	
	164	지금 당장 천만원으로 부동산 투자를 한다면?		
	165	우리 동네 풍경에 대해 이야기 해주세요	우리 동네 풍경에 대해 이야기 해주세요.	
	166	가장 그리운 어린시절의 추억에 대해 이야기 해주세요	가장 그리운 어린 시절의 추억에 대해 이야기 해주세요.	
	167	나에게 음식이 주는 행복은?	나에게 가장 큰 행복을 주는 음식은 무엇인가요?	
	168	내가 밥을 먹을때 가장 중요하게 생각하는 것은?	밥 먹을 때 가장 중요하게 생각하는 것은 무엇인가요?	
	169	끼니를 거를 정도로 바빠던 적이 있나요?	끼니를 거를 정도로 바빴던 적이 있나요?	
	170	밥대신 캡슐로 영양을 섭취를 할 수 있다면, 식사를 하지 않을 건가요?	밥 대신 캡슐로 영양을 섭취할 수 있어도, 밥을 계속 먹을건가요?	
	171	오늘 하루를 음식에 비유한다면?	오늘 하루를 음식에 비유한다면, 무엇일까요?	
	172	식사와 끼니 때우기의 차이점은?	식사와 끼니 때우기의 차이는 무엇일까요?	
	173	어릴적 추억이 생각나는 음식은?	어릴적 추억을 떠오르게 하는 음식이 있나요?	
	174	배달음식 중에 가장 좋아하는 음식이 있나요?	배달 음식 중에 가장 좋아하는 음식이 있나요?	
	175	죽기전 마지막 하나의 음식만을 먹을수 있다면, 무엇을 먹을 껀가요?	삶의 마지막 음식으로 선택하고 싶은 것은 무엇인가요?	
	176	채식을 생각해본적이 있나요?	채식을 생각해본적 있나요?	
	177	내 삶에서 음식이 차지하는 비중은 몇 퍼센트나 되나요?		
	178	내가 가장 자신있게 만들수 있는 요리한가지를 알려주세요	가장 자신있게 만들 수 있는 요리를 알려주세요.	
	179	내가 꿈꾸는 이상적인 식사 환경이 있나요?	내가 꿈꾸는 이상적인 식사 환경이 있나요?	
	180	더우면 생각나는 음식이 있나요?	더우면 생각나는 음식이 있나요?	
	181	추우면 생각나는 음식이 있나요?	추우면 생각나는 음식이 있나요?	
	182	나에게 일주일간 먹는데 쓸 수 있는 백만원이 생긴다면, 무엇을 먹을건가요?		
	183	나만이 알고 있는 비밀 맛집이 있나요?	나만이 알고 있는 비밀 맛집이 있나요?	
	184	혼자 있을때 하기 좋아하는 일이 있나요?	혼자 있을 때 하기 좋아하는 일이 있나요?	
	185	혼자가 둘보다 좋은 이유는?	혼자가 둘보다 좋은 이유가 있다면 말해주세요.	
	186	이세상에 나밖에 없다고 느껴지는 순간이 있나요?	이 세상에 나밖에 없다고 느껴지는 순간이 있나요?	
	187	고독과 자립의 차이는 뭔가요?	고독과 자립의 차이는 무엇인가요?	
	188	혼자 뭔가를 해봤던 경험이 있나요?		
	189	혼자서 여행해본 경험이 있나요?	혼자서 여행해본 경험이 있나요?	
	190	독립이란 무엇일까요?	독립이란 무엇일까요?	
	191	언제 부터 부모로 부터 독립해야 한다고 생각하나요?	언제부터 부모로부터 독립해야 한다고 생각하나요?	
	192	나는 혼자 보내는 시간이 필요한 사람일까요?	나는 혼자 보내는 시간이 얼마나 필요할까요?	
	193	가지고 있는 명품이 있나요?	가지고 있는 물건중 가장 애착가는 물건에 대해 말해주세요.	
	194	스스로 마음이 명품인 사람이라고 생각하나요?		
	195	명품을 사는것은 가치있는 일 일가요?		
	196	과정이 최약 + 결과 좋음 vs 과정이 최고 + 결과 앉좋음		
	197	내 인생에서 가장 어려웠던 작업은?	인생에서 가장 어려웠던 작업은 무엇인지 말해주세요.	
	198	결과보다 과정이 소중했던 경험이 있나요?	결과는 좋지 않았지만 과정이 즐거웠던 작업이 있나요?	
	199	나에게 돈이 얼마나 있다면 일을 하지 않을 껀가요?		
	200	내마음의 곳간은 얼마나 차있나요?	내 마음의 곳간은 얼마나 채워져 있나요?	
	201	내 자식에게 물려주고 싶은 한가지가 있나요?	자식에게 가장 물려주고 싶은 한가지를 말해주세요.	
	202	부모님에게 전수받은 인생의 유산이 있나요?	부모님으로부터 받은 인생의 유산이 있나요?	
	203	부모님께 물려받지 못해 아쉬운 한가지가 있나요?	부모님께 물려받지 못해 아쉬운 것을 말해주세요.	
	204	돈 보다 가치있다고 생각하는 것 한가지를 얘기해주세요	돈 보다 가치있다고 생각하는게 있나요?	
	205	이 세상에 돈으로 살 수 없는게 있을까요?	이 세상에 돈으로 살 수 없는게 있을까요?	
	206	나에게 돈이란?	나에게 돈이란?	
	207	내가 가진것 중에 다른 사람이 부러워할만한게 있나요?	내가 가진 것 중에 다른 사람이 부러워 할만한게 있나요?	
	208	잡힐듯 잡히지 않는 꿈이 있나요?		
	209	지금 생각나는 첫만남이 있나요?	지금 생각나는 첫 만남이 있나요?	
	210	지금 생각나는 마지막 만남이 있나요?	지금 생각나는 마지막 만남이 있나요?	
	211	지금이랑 첫인상이 가장 많이 다른 사람이 있나요?	지금이랑 첫인상이 가장 많이 다른 사람이 있나요?	
	212	지금의 나에게 가장 큰 영향을 미친 만남이 있나요?	지금의 나에게 가장 큰 영향을 미친 만남이 있나요?	
	213	누군가를 한시간동안 만날 수 있다면 누구랑 만나고 싶으신가요?	누군가를 한시간동안 만날 수 있다면 누구를 만나고 싶으신가요?	
	214	기약없이 기다리고 있는 일이 있나요?	기약없이 기다리고 있는 일이 있나요?	
	215	꼭 한번 다시 만나고 싶은 인연이 있나요?		
	216	다시는 만나고 싶지 않은 사람이 있나요?	다시는 만나고 싶지 않은 사람이 있나요?	
	217	나에게 새로운 만남은 기대되는 일인가요?	나에게 새로운 만남은 기대되는 일인가요?	
	218	나는 장난을 어디까지 허용하나요?	나는 장난을 어디까지 허용하나요?	
	219	가장 기억에 남는 만우절 이벤트가 있나요?		
	220	장난과 괴롭힘에 차이는 무엇인가요?	장난과 괴롭힘의 차이는 무엇인가요?	
	221	나의 장난으로 일을 그르쳐본 경험이 있나요?	장난으로 일을 그르쳐본 경험이 있나요?	
	222	좋아하는 친구에게 장난치고 싶은 마음은 어떤 마음일까요?		
	223	내가 기대하는 나의 모습은 어떤 모습인가요?	내가 기대하는 나의 모습은 무엇인가요?	
	224	내 기대를 저버렸던 사건이 있나요?		
	225	기대보다 결과가 좋았던 적이 있나요?	기대보다 결과가 좋았던 적이 있나요?	
	226	많은 기대를 받아 오히려 부담스러웠던 적이 있나요?	많은 기대를 받아 부담스러웠던 적이 있나요?	
	227	주변 사람들이 나에게 보통 하는 기대는 무엇인가요?	주변 사람들이 나에게 보통 하는 기대는 무엇인가요?	
	228	지금 가장 기대하고 있는 일이 있나요?	지금 가장 기대하고 있는 일이 있나요?	
	229	내가 이룬 것 중 가장 뿌듯했던 일	스스로 이룬 것 중 가장 뿌듯했던 일은 무엇인가요?	
	230	최고의 성과를 이루기 위해 무엇이 필요할까요	최고의 성과를 이루기 위해 무엇이 필요할까요?	
	231	좋아하는 계절에 대해 얘기해주세요	좋아하는 계절에 대해 얘기해주세요.	
	232	여름하면 떠오르는 것에 대해 얘기해주세요		
	233	지금 당신의 마음은 어떤 계절인가요?	지금 나의 마음은 어떤 계절인가요?	
	234	일년 내내 하나의 계절이라면 어떤 계절이고 싶나요?	일년 내내 하나의 계절이라면 어떤 계절에 살고 싶나요?	
	235	나를 하나의 계절에 비유한다면		
	236	내가 가장 좋아하는 날씨	가장 좋아하는 날씨에 대해 말해주세요.	
	237	다가오는 봄에 가장 하고 싶은 것 한가지를 얘기해주세요	봄이면 가장 하고 싶은 것에 대해 말해주세요.	
	238	내 봄의 BGM은?		
	239	일년중 가장 좋아하는 달이 있나요?	일년 중 가장 좋아하는 달이 있나요?	
	240	나만의 여름나기 비법?		
	241	코로나가 끝나면 만끽하고 싶은 것은?	코로나가 끝나면 만끽하고 싶은 것은 무엇인가요?	
	242	해야하는데 무서워서 하지 못하는 일이 있나요?	해야하는데 무서워서 하지 못하는 일이 있나요?	
	243	끙끙 앓다가 제시간 처리하지 못한 일이 있나요?	끙끙 앓다가 처리하지 못한 일이 있나요?	
	244	지금도 눈감으면 떠오르는 내마음의 풍경이 있나요?	눈감으면 떠오르는 풍경이 있나요?	
	245	내방에 걸어두고 싶은 풍경이 있나요?		
	246	나는 어떤 풍경 속에서 살고 싶나요?	나는 어떤 풍경 속에 살고 싶은지 말해주세요.	
	247	응원하는 스포츠 팀에 대해 말해주세용	응원하는 스포츠 팀에 대해 말해주세요.	
	248	스스로에게 응원을 해준다면 하고 싶은 말은?	스스로에게 응원을 해준다면 하고 싶은 말은 무엇인가요?	
	249	들으면 가장 힘이 나는 응원이 있나요?	들으면 가장 힘이나는 응원이 있나요?	
	250	지금 가장 응원하고 싶은 일은 무엇인가요?	지금 가장 응원하고 싶은 일은 무엇인가요?	
	251	누구보다 잘 되길 바라는 사람이 있나요	누구보다 잘 되길 바라는 사람이 있나요?	
	252	아는 사람중에 손절하고 싶은 사람이 있나요?	아는 사람중에 손절하고 싶은 사람이 있나요?	
	253	손절해서 후련했던 적 있나요?	손절해서 후련했던 적 있나요?	
	254	손절하고 아쉬웠던 적 있나요?	손절하고 아쉬웠던 적 있나요?	
	255	내 마음의 그림자에 대해 이야기 해줄 수 있나요?	내 마음의 그림자에 대해 이야기 해줄 수 있나요?	
	256	다른 사람들을 피해 숨고 싶었던 적 있나요?	다른 사람들을 피해 숨고 싶었던 적이 있나요?	
	257	내가 여러 명이 될 수 있다면 어떤 일을 할 건가요?	내가 여러 명이 될 수 있다면 어떤 일을 한건가요?	
	258	입원 했던 적이 있나요?	입원 했던 적이 있나요?	
	259	병원이라는 말을 들으면 떠오르는 것은?	나에게 병원이란?	
	260	누구가를 위해 병문안을 간적 있나요?	지금 생각 나는 병문안 경험이 있나요?	
	261	내가 가진 병중에 한가지를 고칠 수 있다면?		
	262	미리 유언장을 써본다면?	미리 유언장을 써볼 수 있을까요?	
	263	운명은 존재할까요?	운명은 존재할까요?	
	264	내가 생각 하는 나의 운명은?	내가 생각하는 나의 운명이 있나요?	
	265	나의 운명을 바꾸기 위해 내가 할 수 있는 일은 무엇일까요?	나의 운명을 바꾸기 위해 내가 할 수 있는 일은 무엇일까요?	
	266	신(or 자연)이 나를 만든 이유는 무엇일까요?	내가 세상에 태어난 이유는 무엇일까요?	
	267	운명적인 만남은 있을까요?	운명적인 만남은 있을까요?	
	268	나의 운명을 아는게 좋은 일일까요?	나의 운명을 아는게 좋은 일일까요?	
	269	악마가 내 인생을 담보로 무엇이든 할 수 있는 능력을 준다면, 계약할 것인가요?		
	270	좋아하는 향기가 있나요?	좋아하는 향기가 있나요?	
	271	내 마음에서는 어떤 향이 날까요?	내 마음에서는 어떤 향이 날까요?	
	272	향기로 기억하는 사람이 있나요?	향기로 기억하는 사람이 있나요?	
	273	향기와 냄새의 차이는 무엇일까요?		
	274	향기로웠던 추억에대해 이야기해 주세요		
	275	버릴 수 없는 골동품이 있나요?	버릴 수 없는 물건이 있나요?	
	276	오래될수록 좋다고 생각 하는 것이 있나요?	오래될수록 좋다고 생각하는 것이 있나요?	
	277	오래될수록 가치 있어지는 일은 무엇이 있을까요?		
	278	아직까지 나를 괴롭히는 해묵은 기억이 있나요?	아직까지 나를 괴롭히는 해묵은 기억이 있나요?	
	279	나는 오래되었나요?	나는 오래되었나요?	
	280	나를 대표하는 욕망이 있나요?	나를 대표하는 욕망이 있나요?	
	281	내가 가진 비밀스러운 욕망이 있나요?	내가 가진 비밀스러운 욕망이 있나요?	
	282	나는 욕망에게 몇퍼센트나 잡아 먹혔을까요?		
	283	내 욕망의 무게는 얼마일까요?	내 욕망의 무게는 얼마일까요?	
	284	내 욕망이 채워졌던 적이 있나요?		
	285	내가 생각하는 최고의 욕망러가 있나요?		
	286	이세상에 존재하는 추구할만한 욕망은 무엇일까요?	앞으로 추구할만한 욕망은 무엇일까요?	
	287	욕심은 나쁜 것일까요?		
	288	소유하지 않는 삶을 상상해 본적 있나요?	소유하지 않는 삶을 상상해 본적 있나요?	
	289	부모님은 요즘 무엇을 욕망하실까요?	부모님은 요즘 무엇을 욕망하실까요?	
	290	요즘 가장 욕심사는 것은 무엇인가요?	요즘 가장 욕심 내는 것은 무엇인가요?	
	291	누군가의 욕심을 제거할 수 있다면?		
	292	내가 쪼잔하다고 느꼈던 순간이 있나요?	내가 쪼잔하다고 느꼈던 순간이 있나요?	
	293	절약과 쪼잔함의 차이	절약과 쪼잔함의 차이는 무엇일까요?	
	294	노력해도 마음이 열리지 않는 일이 있나요?	노력해도 마음이 열리지 않았던 일이 있나요?	
	295	나의 행동이 꼬리 밟혀 당황했던 적이 있나요?		
	296	인간에게 꼬리가 있다면 어떨까요?	인간에게 꼬리가 있다면 어떨까요?	
	297	좋아하는 동물의 꼬리에 대해 이야기 해주세요	좋아하는 동물의 꼬리에 대해 이야기 해주세요.	
	298	내가 사랑하는 쓸모없는 일은?	내가 사랑하는 쓸모 없는 일에 대해 이야기 해주세요.	
	299	나의 쓸모	나는 어떤 쓸모가 있는 사람인지 이야기 해주세요.	
	300	내 삶에서 가장 쓸모있는 물건은?	내 삶에서 가장 쓸모있는 물건은 무엇인가요?	
	301	최근 산 것중 가장 유용한 것은?	최근 구매한 물건 중 가장 쓸모있는 것은 무엇인가요?	
	302	유튜브의 쓸모에 대해서 말해주세요		
	303	학창시절 공부를 열심히 하는 것은 쓸모 있는 일일까요?	다시 학창시절로 돌아가면 공부를 열심히할 생각인가요?	
	304	이 앱은 쓸모 있나요?		
	305	나만의 길트플래저(안좋은 걸 하면서 즐거움을 느끼는 것)가 있나요?	하면 안된다는 것을 알지만 하면서 즐거움을 느끼는 일이 있나요?	
	306	내가 무언가를 하기 싫을 때, 가장 많이 하는 딴짓은?	해야할 일이 하기 싫을 때, 가장 많이 하는 딴짓은?	
	307	행복한 돼지 vs 배고픈 소크라테스	배부른 돼지보단 배고픈 소크라테스가 되고 싶은가요?	
	308	신용카드 vs 체크카드		
	309	1년 뒤에 나는 어떻게 되어 있을까요?	1년 뒤에 내 모습은 어떤 모습일까요?	
	310	앞으로 인생을 살면서 꼭 이루고 싶었던 일이 있나요	앞으로 꼭 이루고 싶은 인생의 목표가 있나요?	
	311	경제적 고민을 하지 않아도 된다면 시도해보고 싶은 일이 있나요?	경제적으로 자유롭다면 시도해보고 싶은 일이 있나요?	
	312	내가 선택한 것 중에 가장 잘한 것 같은 일	내 인생에서 가장 잘한 선택은 무엇인가요?	
	313	부모님의 반대를 무릅쓰고 한 일이 있나요	부모님의 반대를 무릅쓰고 결정한 일이 있나요?	
	314	다른 사람이 반대하더라도 끝까지 하고 싶은 일이 있나요	다른 사람이 반대하더라도 끝까지 하고 싶은 일이 있나요?	
	315	나의 강점은?		
	316	나를 움직이는 가장 큰 동기	나를 움직이는 가장 큰 동기는 무엇인가요?	
	317	지금 나에게 중요한 건 속력 vs 방향	속력과 방향중 지금 나에게 중요한 것은 무엇인가요?	
	318	나를 무기력하게 하는 이유	나를 무기력하게 만드는 것이 있나요?	
	319	내가 보기에 세상은 ㅇkm 정도의 속력으로 움직이고 있다		
	320	세상에 플라스틱이 없다면?	플라스틱이 없는 세상은 어떤 모습일까요?	
	321	만약에 세상에 고양이가 없다면	고양이가 없는 세상은 어떤 모습일까요?	
	322	만약에 세상에 스마트폰이 없다면	스마트폰이 없는 세상은 어떤 모습일까요?	
	323	만약에 세상이 하나의 나라로 이루어져 있다면		
	324	내 일상에서 덜어내고 싶은 것이 있다면	내 일상에서 덜어내고 싶은 것이 있나요?	
	325	내 인생에서 가장 손해보는 선택을 해본 경험	내 인생에서 가장 잘못한 선택은 무엇인가요?	
	326	내가 가지고 있는 것 중 한달 뒤에 사용하지 않을 것 같은 물건은?		
	327	과거의 나로 돌아갈 수 있다면 몇 살로 돌아가고 싶나요?	과거의 나로 돌아갈 수 있다면 몇 살로 돌아가고 싶나요?	
	328	내가 살 수 있는 날이 얼마 남지 않았다면?	나에게 남아 있는 날이 100일 이라면 무엇을 하고 싶나요?	
	329	지금 하기 싫지만 꼭 해야만 하는 숙제가 있나요?	하기 싫지만 꼭 해야만 하는 숙제 같은 일이 있나요?	
	330	자주 하는 일 중 숙제처럼 느껴지는 일이 있나요?		
	331	숙제 먼저 해치우고 놀기 vs 숙제 미룰 때까지 미루기	해야할 일을 미루는 편인가요, 아니면 먼저하는 편인가요?	
	332	아직 시작하지 못한 내 인생의 숙제는	아직 시작하지 못한 내 인생의 숙제가 있나요?	
	333	경쟁에서 1등한 적 있나요		
	334	엄청난 풍경에 압도당해본 경험이 있나요?		
	335	노력해도 따라잡을 수 없을 것 같은 천재를 만난 적 있나요?	아무리 노력해도 따라잡을 수 없을 것 같은 천재를 만난 적 있나요?	
	336	내가 좋아하는 천재는?		
	337	롤모델이 있나요?	닮고 싶은 롤모델이 있나요?	
	338	천재란?	천재란 어떤 사람일까요?	
	339	성공을 위해 노력 vs 재능	노력과 재능 중에 성공하기 위해 더 중요한 것은 무엇일까요?	
	340	여행의 이유	당신이 여행을 하는 이유는 무엇인가요?	
	341	가족이 낯설게 느껴진 적 있나요?		
	342	평소라면 하지 않았을 결정을 내린 적 있나요?		
	343	나는 낯선 사람과의 만남을 즐기는 편인가요?	나는 낯선 사람과의 만남을 즐기는 편인가요?	
	344	익숙한 것 vs 낯선 것	익숙한 것과 낯선 것중에 어떤 것을 좋아하나요?	
	345	내가 능숙하게 잘할 수 있는 행동은?		
	346	내가 어색해지는 순간은?		
	347	이유를 알 수 없이 어색해진 인연이 있나요?	이유를 없이 멀어지고 어색해진 관계가 있나요?	
	348	내가 결혼식을 한다면 꼭 초대하고 싶은 사람이 있나요?	내가 결혼식을 한다면 꼭 초대하고 싶은 사람이 있나요?	
	349	내가 죽었을 때 어떤 사람들이 장례식에 와줄까요?	내가 죽었을 때 어떤 사람들이 꼭 장례식에 와주었으면 하는 사람이 있나요?	
	350	내 장례식에 틀고싶은 음악	내 장례식에 틀고싶은 음악이 있나요?	
	351	내 친구에게 이것만큼은 허락할 수 없는 일이 있다면		
	352	사과하지 않는 사람을 용서할 수 있을까요?	사과하지 않는 사람을 용서할 수 있을까요?	
	353	내가 인정하는 최고의 노력파는?	내가 인정하는 최고의 노력파는?	
	354	내가 인정하는 최고의 운동선수는?	내가 인정하는 최고의 운동선수는?	
	355	나는 내 옆집 이웃으로 이슬람사람을 받아들일 수 있을까요?		
	356	나는 관대한 편인가요?	나는 스스로에게 관대한 편인가요?	나는 다른 사람에게 관대한 편인가요?
	357	나의 사회생활 최대 실수	잊혀지지 않는 인생 최대의 실수가 있나요?	
	358	놀이공원에 마지막으로 가본 적이 언제인가요?	놀이공원에 마지막으로 가본 적이 언제인가요?	
	359	친구들과 여행한 경험에 대해 말해주세용	친구들과 여행한 경험에 대해 말해주세요.	
	360	보이지 않는 것을 믿는 편인가요?	보이지 않는 것을 믿는 편인가요?	
	361	지금 내 정신은 정돈 되어 있나요?		
	362	명상을 해본적이 있나요?	명상을 해본적이 있나요?	
	363	남들에게 소개하고 싶은 나만의 루틴이 있나요	남들에게 소개하고 싶은 나만의 루틴이 있나요	
	364	내가 가장 좋아하는 책에 대해 소개해 주세요	내가 가장 좋아하는 책에 대해 소개해 주세요	
	365	나는 책을 읽을 때 어떤 기분이 드나요?	나는 책을 읽을 때 어떤 기분이 드나요?	
	366	내가 본 책중에 가장 재미있었던 책은?		
	367	내가 가장 좋아하는 책속의 인물은?	내가 가장 좋아하는 책속의 인물은?	
	368	내가 가장 좋아하는 영화 인물은?	내가 가장 좋아하는 영화 인물은?	
	369	나와 가장 닮은 것 같은 영화 캐릭터는?	나와 가장 닮은 것 같은 영화 캐릭터는?	
	370	30번 이상 본 작품이 있나요?	여러번 봐도 좋은 영화가 있나요?	
	371	5번 이상 본 작품이 있나요?	여러번 읽어도 좋은 책이 있나요?	
	372	15살 때 꼭 봐야하는 작품이 있다면?		
	373	10년 뒤에 봐도 좋을 작품이 있나요?		
	374	내 청소년기를 뒤흔든 작품이 있나요?	내 청소년기를 뒤흔든 작품이 있나요?	
	375	불균형이 아름답게 느껴졌던 적이 있나요?		
	376	답답할때 나를 위해 나를 위해 하는 것이 있나요?	마음이 답답할때 나를 위해 하는 일이 있나요?	
	377	어색한 사람과는 어느정도의 거리가 좋을까요?		
	378	숨기고 싶지만 모두가 겪었던 일이 있을까요?	모두가 겪는 일이지만 쉬쉬하는 일이 있을까요?	
	379	피할 수 없을 때 받아들였던 경험이 있나요?	피할 수 없어 받아들여야 했던 경험이 있나요?	
	380	사소하지만 시시하지 않은 나만의 일이 있나요?	사소하지만 시시하지 않은 나만의 일이 있나요?	
	381	애물단지가 된 선물이 있나요?	애물단지가 된 선물이 있나요?	
	382	내 인생에 밑줄 긋고 싶은 경험은?	내 인생에 밑줄 긋고 싶은 경험은?	
	383	변해버린 스스로가 아쉬웠던 적이 있나요?	변해버린 스스로가 아쉬웠던 적이 있나요?	
	384	몸이 편하기보다 마음이 편하고 싶었던 적이 있나요?	몸이 편하기보다 마음이 편하고 싶었던 적이 있나요?	
	385	내가 봐도 내가 괜찮은 날 있나요?		
	386	무언가에 깊이 몰입해본 경험 있나요?	무언가에 깊이 몰입해본 경험 있나요?	
	387	산다는 것은?	삶이란 무엇일까요?	
	388	딸기향 해열제 같은 나만의 어려움 해결책이 있나요?		
	389	누군가를 기쁘게 놀래켜본적 있나요?		
	390	맛 없는 음식을 맛있게 먹어본 경험이 있나요?	맛 없는 음식을 맛있게 먹어본 경험이 있나요?	
	391	평범한 말에 가슴이 시큰했던 적이 있나요?	평범한 말에 가슴이 시큰했던 적이 있나요?	
	392	좋아하는 카페가 있나요?		
	393	내 생각을 가장 크게 바꾼 책이 있나요?	내 생각을 가장 크게 바꾼 책이 있나요?	
	394	더나은 내가 되기 위해 오늘 할 수 있는 일은 무엇일까요?	더나은 내가 되기 위해 오늘 할 수 있는 일은 무엇일까요?	
	395	혼자서 열걸음 하기 vs 여럿이 한걸음 가기	혼자서 가는 열걸음보다 여럿이 내딧는 한 걸음이 더 가치 있을까요?	
	396	내 인생의 질문은?	내 인생의 질문은?	
	397	내가 쓰는 책의 주제는?	내가 쓰고 싶은 책의 주제는?	
	398	맞는 말인데 불편하게 느껴졌던 적이 있나요?	맞는 말인데 불편하게 느껴졌던 적이 있나요?	
	399	내가 요즘 좋아하는 구독 서비스가 있나요?		
	400	지금의 나에겐 어떤 질문이 필요할까요?	지금의 나에겐 어떤 질문이 필요할까요?	
	401	감정에 서툴다고 느껴본 적이 있나요?	스스로가 감정에 서툴다고 느껴본 적이 있나요?	
	402	최근 잘 샀다고 느낀 가전제품이 있나요?		
	403	집에서 하는 운동이 있나요?	집에서 하는 운동이 있나요?	
	404	어른으로서 어린이에게 해주어야 하는 일은 무엇일까요?	어른으로서 어린이에게 해주어야 하는 일은 무엇일까요?	
	405	잘 배우는 법에 대해 생각해본적 있나요?	잘 배우는 법에 대해 생각해본적 있나요?	
	406	존댓말을 써도 가까운 사이가 될 수 있을까요?	존댓말을 써도 가까운 사이가 될 수 있을까요?	
	407	완벽한 것보다 어중간한 것이 끌릴때가 있나요?	완벽한 것보다 어중간한 것이 끌릴때가 있나요?	
	408	최근 불편함을 느낀 컨텐츠가 있나요?	최근 불편함을 느낀 컨텐츠가 있나요?	
	409	번아웃이 온적 있나요?	번아웃을 느껴본 적 있나요?	
	410	크게 아파본적 있나요?	크게 아파본 적이 있나요?	
	411	내가 무슨일을 해도 나를 지지해줄 사람에 대해 이야기 해주세용	내가 무슨일을 해도 나를 지지해줄 사람이 있나요?	
	412	내 감정이 사치라고 느껴질때가 있나요?	내 감정이 사치라고 느껴질때가 있나요?	
	413	내가 나에게 계속해서 하는 비난의 말이 있나요?	내가 나에게 계속해서 하는 비난의 말이 있나요?	
	414	나의 상처를 강점으로 승화시킨적이 있나요?	나의 상처를 강점으로 승화시킨적이 있나요?	
	415	나이가 숫자 이상이라고 느껴진 적이 있나요?	나이가 숫자 이상이라고 느껴진 적이 있나요?	
	416	모두가 예라고 할때, 용기내어 아니오라고 해본적 있나요?	모두가 예라고 할때, 용기내어 아니오라고 해본적 있나요?	
	417	직업이란?	나에게 직업이란?	
	418	나이가 들어도 하고 싶은 취미가 있을까요?	나이가 들어도 하고 싶은 취미가 있을까요?	
	419	나만의 온전한 휴일을 보내는 방법이 있나요?	나만의 온전한 휴일을 보내는 방법이 있나요?	
	420	좀 더 느리게 살고 싶어질 때가 있나요?	좀 더 느리게 살고 싶어질 때가 있나요?	
	421	좋은 대화를 나누기 위해서 지켜야 할 것은 무엇인가요?	좋은 대화를 나누기 위해서 지켜야 할 것은 무엇인가요?	
	422	지금의 나를 만든 추억의 공간이 있나요?	지금의 나를 만든 추억의 공간이 있나요?	
	423	거리가 멀어져 마음도 멀어진적 있나요?	거리가 멀어져 마음도 멀어진적 있나요?	
	424	애인보다 좋다고 느낀 친구가 있었나요?	애인보다 좋다고 느낀 친구가 있었나요?	
	425	회사에서 울어본적 있나요?	학교나 회사에서 울어본적 있나요?	
	426	외계인은 존재할까요?	외계인은 존재할까요?	
	427	외계인과 우정을 쌓을 수 있을까요?	외계인과 우정을 쌓을 수 있을까요?	
	428	우리나라가 다문화 사회가 되기 위해 어떤 것이 필요할까요?		
	429	더 나은 삶을 위해 아등바등 살아본적 있나요?	더 나은 삶을 위해 아등바등 살아본적 있나요?	
	430	내스스로를 가두는 고정관념이 있나요?	내 스스로를 가두는 고정관념이 있나요?	
	431	퇴사를 하기위해 가장먼저 준비해야 하는 것은 무엇일까요?		
	432	두번째 직업은 무엇으로 하고 싶나요?	두번째 직업은 무엇으로 하고 싶나요?	
	433	선택의 순간에 용기를 내지 못했던 적이 있나요?	선택의 순간에 용기를 내지 못했던 적이 있나요?	
	434	쓸모 없다고 느꼈던 것에서 쓸모를 발견한적있나요?	쓸모 없다고 느꼈던 것에서 쓸모를 발견한적있나요?	
	435	좋아하는 것을 좋아한다고 말하지 못했던 적이 있나요?	좋아하는 것을 좋아한다고 말하지 못했던 적이 있나요?	
	436	잘아는 소꿉친구 vs 잘 모르는 멋진 상대로부터의 고백		
	437	큰 꿈을 위한 나만의 작은 시도가 있나요?	큰 꿈을 위한 나만의 작은 시도가 있나요?	
	438	내가 지금 사는 곳에서 몇년 더 살 고 싶나요	내가 지금 사는 곳에서 얼마나 더 살고 싶나요?	
	439	멘탈이 흔들릴 때 다잡을 수 있는 나만의 방법이 있나요?	마음이 흔들릴 때 다잡을 수 있는 나만의 방법이 있나요?	
	440	포기가 오히려 도움이 되었던 때가 있나요?		
	441	산타할아버지가 없다는 것을 언제 알게 되었나요?	산타할아버지가 없다는 것을 언제 알게 되었나요?	
	442	나에게 가장 도움이 됐던 피드백은?	나에게 가장 도움이 됐던 피드백은?	
	443	나에게도 꿈이 있었으면 좋겠다고 생각한 적이 있나요?	나에게도 더 큰 꿈이 있었으면 좋겠다고 생각한 적이 있나요?	
	444	친구에게 소개하고 싶은 우리동네 아지트가 있나요?	친구에게 소개하고 싶은 우리동네 아지트가 있나요?	
	445	술을 처음 먹었을 때에 대해 얘기해주세요	술을 처음 먹었을 때에 대해 얘기해주세요	
	446	부모님의 연애시절에 대해 들어본적 있나요?	부모님의 연애시절에 대해 들어본적 있나요?	
	447	여행을 가면 꼭 하는 행동이 있나요?	여행을 가면 꼭 하는 행동이 있나요?	
	448	사소한 고민으로 잠못이룬적이 있나요?	사소한 고민으로 잠 못 이룬적이 있나요?	
	449	물건에게 이름 붙여준 적이 있나요?	물건에게 이름 붙여준 적이 있나요?	
	450	해가 떠오르는 것을 본 기억이 있나요?		
	451	동병상련의 위로를 받아본 적이 있나요?		
	452	이웃때문에 불편했던 적이 있나요?	예의 없는 이웃때문에 불편했던 경험이 있나요?	